,duration,duration,duration,mean_speed,mean_speed,mean_acc,mean_acc,mean_rotation,mean_rotation,mean_rotation_speed,mean_rotation_speed
,count,mean,std,mean,std,mean,std,mean,std,mean,std
paired,,,,,,,,,,,
0,2480,78.9645161290323,128.360353481412,6.47116942434954,4.20391615471405,4.34501691785081,4.97368511575871,2.89816563899175,0.134148412187796,0.0512455950205424,0.0327961816299936
1,399,30.2205513784461,38.8263946731255,11.462673069563,6.60809848096504,7.3767397710447,4.49280953420994,2.91136944568965,0.137414594467811,0.0655472865714298,0.0419283437874897
